first_name,last_name,email,phone
Jazlyn,Heller,Patsy74@yahoo.com,636-367-0859
Kiana,O'Hara,Hazel26@hotmail.com,470-317-4642
Ron,Keeling,Precious.Towne73@hotmail.com,336-532-9907
Sim,Effertz,wrong-email,342-293-5715
Marisa,Lehner,Ariel60@gmail.com,501-975-5186
Dorian,Balistreri,Leonard_Hackett7@yahoo.com,631-574-0205
Gussie,Ferry,Abigail79@hotmail.com,908-416-2681
Nat,Ritchie,Malachi97@gmail.com,wrong-number
Arianna,Welch,Concepcion_Brekke5@hotmail.com,244-245-7832
Alexa,Considine,Iva_Ratke@yahoo.com,wrong-number
Shannon,Heidenreich,Kathryn_Willms96@yahoo.com,980-519-0769
Julius,Hand,wrong-email,580-433-5787
Jermey,Quitzon,Britney42@gmail.com,212-687-6113
Calista,Schaefer,wrong-email,509-917-1200
Kirk,Trantow,wrong-email,261-434-6834
Danial,McGlynn,Savion_Lakin28@gmail.com,212-302-9185
Gage,Stiedemann,Adonis.Kirlin18@hotmail.com,601-586-7962
Kiley,Feest,Ethyl_Homenick6@yahoo.com,647-814-2047
Filomena,Mayert,Karianne.Kuphal@hotmail.com,771-760-5265
Calista,Willms,Norberto10@hotmail.com,767-885-1497
Dejuan,Jones,Stan.Hermann26@gmail.com,951-825-7703
Candelario,Stanton,Lawrence46@yahoo.com,654-709-1737
Doug,Tremblay,Neha_Franecki@gmail.com,485-212-2202
Marvin,Pollich,Aryanna8@gmail.com,921-878-9943
Emilie,Emard,Antonia59@yahoo.com,875-416-4505
Raul,Walker,wrong-email,762-252-0562
Lenora,,wrong-email,794-810-5646
Brook,Altenwerth,Clair_Harris@gmail.com,775-208-6867
Leopold,Bednar,Shaniya8@gmail.com,982-285-5535
Benton,Bahringer,Brandi.Bergnaum@hotmail.com,206-887-4181
Malika,Flatley,Marta_Gorczany12@yahoo.com,wrong-number
Wilbert,Kreiger,Gene.Block18@gmail.com,490-916-4460
Carson,Gerlach,wrong-email,wrong-number
Lourdes,Wolff,Araceli93@yahoo.com,268-378-3794
Mikayla,Ryan,Annalise53@gmail.com,738-512-6616
Erik,Smitham,Jovani.Gleason40@gmail.com,840-690-1217
Emmalee,Hackett,Jolie41@yahoo.com,wrong-number
Tremayne,Homenick,Quinn4@hotmail.com,951-323-5628
Lesly,Jones,Geraldine12@yahoo.com,417-440-1803
Braeden,West,Estrella42@gmail.com,665-964-0914
Dameon,Cormier,Gilberto.Pfannerstill@gmail.com,532-939-5658
Mckayla,Cummings,Amiya_Swaniawski87@gmail.com,500-513-5974
Matteo,Considine,Buster_Pollich@hotmail.com,589-678-1155
Cullen,Ledner,Arvilla_Labadie@yahoo.com,604-928-7054
Tanya,Gorczany,Tate.Lind@hotmail.com,906-324-2600
Enoch,Bode,Levi.Armstrong@hotmail.com,719-840-1219
Hugh,Nolan,Elsa43@gmail.com,468-653-6579
Noe,Medhurst,Loma_Schoen@yahoo.com,371-990-5598
Lauretta,Kautzer,Rashad_Williamson30@hotmail.com,861-420-7118
,Sanford,Darien.Jacobson68@hotmail.com,208-433-9807
Alexane,Bayer,Theo.Friesen@gmail.com,393-436-7835
Lisandro,Casper,Eldridge15@gmail.com,365-838-8118
Robin,Larson,Christine.Cartwright36@gmail.com,382-721-0876
Liana,D'Amore,Ricardo.Durgan1@gmail.com,425-971-3666
Cathy,,Zechariah.Schroeder@hotmail.com,843-893-4942
Charlotte,Luettgen,Lamont_Hammes15@yahoo.com,868-543-9869
Gerhard,Grant,Cleora.Johnson@hotmail.com,317-363-8440
Owen,,Clementina29@hotmail.com,417-476-9795
Katelyn,Schamberger,Taya_Harber@gmail.com,872-861-7824
Allan,Zemlak,Jaleel_Schmeler53@hotmail.com,397-337-8480
Charley,,Elton98@hotmail.com,468-800-2149
Corene,Labadie,Lavonne98@yahoo.com,539-246-2110
Grady,Swaniawski,wrong-email,688-240-2000
,Bradtke,Lynn.Kling@yahoo.com,wrong-number
Misael,Hansen,wrong-email,wrong-number
Coralie,Conroy,Joshua_White@hotmail.com,616-648-9811
Theodora,Schuster,Quinten_Aufderhar@gmail.com,789-570-3719
Beaulah,,Kaylie_Tremblay@yahoo.com,783-805-0569
Graham,Jakubowski,Estrella_Parisian59@hotmail.com,613-503-6969
Lupe,Lesch,Hulda52@hotmail.com,406-936-1452
Karli,Cremin,Mona.Ebert@gmail.com,319-458-2762
Ezequiel,Ledner,wrong-email,wrong-number
Nya,Jacobson,Tabitha32@yahoo.com,372-803-4912
Devyn,Kunze,Lula34@yahoo.com,472-922-7879
Kyra,Wisozk,wrong-email,936-695-2273
Angel,Kautzer,Lee.Cremin@hotmail.com,618-539-3117
Elna,Kassulke,Michele_Wintheiser@yahoo.com,466-343-2594
Stan,Williamson,Nels16@hotmail.com,407-360-4800
Jennyfer,Von,Mylene_Renner@yahoo.com,wrong-number
Giovanny,,Alycia.Kuhic@hotmail.com,936-886-9656
Lorna,Kreiger,Sandy_Medhurst@hotmail.com,870-361-2643
Macy,Kilback,Stephon58@yahoo.com,344-751-3382
Rey,Muller,Kylie.Zemlak@gmail.com,683-453-4093
Burley,Mraz,Brayan3@hotmail.com,711-765-1595
Jamie,Dickens,Emmanuel_Beahan@gmail.com,308-747-1819
Name,Swaniawski,Lauriane_Gulgowski@gmail.com,830-889-5058
,Legros,Randal_Kovacek78@yahoo.com,349-818-7740
Missouri,Schumm,Aryanna.Baumbach46@gmail.com,462-567-3045
,Dickinson,Allison.Okuneva@yahoo.com,754-210-5806
Guy,White,Reese28@gmail.com,329-278-1509
Bud,Howell,wrong-email,243-814-0402
Werner,,Lavonne_Yundt47@gmail.com,949-307-1267
Christelle,Schmitt,Esteban_Schaden@yahoo.com,wrong-number
Leatha,Metz,Lucius.Champlin@yahoo.com,462-685-3318
Myrna,Johnston,Brent_Harvey@gmail.com,324-209-3723
Dayne,Toy,wrong-email,460-743-4758
Brianne,Hills,Muhammad_Senger93@gmail.com,848-672-6437
Karina,Marks,Sierra_Stokes@hotmail.com,413-698-0299
Janis,,Emil.Witting@yahoo.com,422-516-1013
,Lakin,Tiana_Lubowitz65@hotmail.com,wrong-number
